{
  "type": "minecraft:crafting_shaped",
  "category": "equipment",
  "key": {
    "#": "minecraft:stick",
    "D": [
      "minecraft:dirt"
    ]
  },
  "pattern": [
    "DD",
    " #",
    " #"
  ],
  "result": {
    "components": {
      "minecraft:custom_name": "\"Death's Sythe\"",
      "minecraft:enchantments": {
        "levels": {
          "minecraft:vanishing_curse": 1
        },
        "show_in_tooltip": false
      },
      "minecraft:attribute_modifiers": {
        "modifiers": [
          {
            "type": "minecraft:attack_damage",
            "id": "minecraft:",
            "amount": 15,
            "operation": "add_value",
            "slot": "mainhand"
          },
          {
            "type": "minecraft:movement_speed",
            "id": "minecraft:",
            "amount": 0.02,
            "operation": "add_value",
            "slot": "mainhand"
          },
          {
            "type": "minecraft:entity_interaction_range",
            "id": "minecraft:",
            "amount": 7,
            "operation": "add_value",
            "slot": "mainhand"
          },
          {
            "type": "minecraft:block_interaction_range",
            "id": "minecraft:",
            "amount": 7,
            "operation": "add_value",
            "slot": "mainhand"
          }
        ],
        "show_in_tooltip": false
      }
    },
    "count": 1,
    "id": "minecraft:netherite_hoe"
  }
}